order_id,total_minutes
2094b3e481d4ee665c9c412b5c36c354,72.79024
3506019b70063aaffac8c2c44f2283bc,141.04175
c0a537121b18d10bfc0c3d15477cb68c,82.6184
3ac4d80fde18be0b7bdfbdde3afca093,100.718834
5b414b30175215846eebfafc49349f0d,74.70412
35d0528d7d261f201c83cf3b655db3a2,61.776558
59eb06505898d2bb310623615c6efb7c,111.05654
357192720d62322077a521f924041c8f,58.96235
7baf4312eb11792f22f0082c18fa2ca5,74.06949
d81bae280da1af8edf7fbe485eb86f9c,70.52992
